id,inc_angle,is_iceberg,ice_prob
dfd5f913,43.9239,0,0.01896363776177168
e25388fd,38.1562,0,5.561789696647186e-06
58b2aaa0,45.2859,1,0.7929097016652426
4cfc3a18,43.8306,0,0.003593921777792275
271f93f4,35.6256,0,0.0022502436380212507
b51d18b5,36.9034,1,0.9992247025171915
31da1a04,34.4751,1,0.9853355685869852
56929c16,41.1769,0,0.06670260988175869
525ab75c,35.7829,0,6.651774371372691e-05
192f56eb,43.3007,0,0.039070021361112595
3aac67cd,44.624,1,0.8533199032147726
161a6860,39.5067,0,0.0025765391377111277
3c794f0c,41.8544,1,0.7780315776666006
86730f0d,45.2909,1,0.6337146759033203
e356f7a3,34.7715,0,0.008334409290303787
87592c38,43.782,0,0.010614565573632717
1c18a39e,45.3568,0,0.0471759052015841
a210f335,38.7812,0,0.025707263499498367
958d155f,42.5145,0,0.2280495141943296
6d81d201,37.2802,1,0.8397907018661499
75126706,41.7973,0,0.009552656207233667
112a6cfa,38.0669,1,0.7120212515195211
a29662a4,39.6636,0,1.5637449083764446e-07
bd1a1bdf,37.6866,1,0.9996798833211263
31e37d93,40.296,0,3.110351398660782e-08
76b8d446,39.234,1,0.9992947975794474
958d42a8,40.3904,1,0.624965121348699
70830858,43.7895,0,0.008087931239667038
faf2c49e,42.5891,1,0.6922455827395121
02314c59,41.0303,0,0.0011084155218365292
6332531e,34.8721,0,0.0014356216221737366
c05730c3,34.0537,0,1.3048552331233292e-09
83dd3a43,43.9466,1,0.9979415138562521
f193e8b0,44.6239,1,0.48630258689324063
132118fc,33.9978,1,0.8558987379074097
93a797d3,35.7025,1,0.8513781229654948
0a192892,35.2954,1,0.9978808561960856
f6a75c6b,35.7829,0,0.0006551250068393225
4cfca6da,34.4721,1,0.7871773739655813
a65b9aff,41.4386,1,0.9940300186475118
af91525e,42.1483,1,0.9997331301371256
4be9117c,39.5936,0,8.967923421421276e-06
3d24353c,31.4597,0,2.7493021965104465e-05
66d17828,43.1096,0,0.023482467125480373
b78438be,44.4569,0,2.5360307039553238e-08
91febbeb,31.3432,0,0.0009435107058379799
ade9a4ab,36.1061,1,0.9976043701171875
b7e6b182,40.7118,1,0.9999260703722636
2e5ba8a2,40.9588,0,0.3951467623313268
2336fe9c,34.4721,1,0.9961075186729431
f6c43c24,38.0736,1,0.9995455145835876
c49bd5f2,38.85,1,0.9565159479777018
a87234b9,44.5876,0,0.016134462823780876
6c905a48,42.5742,1,0.9864387909571329
a2a728d6,36.4792,1,0.9790459275245667
28de1d17,42.5376,0,0.04871822210649649
bee2de18,39.5371,0,0.005780917049075167
379e9548,36.4987,0,0.0995586986343066
2d8ace41,35.6588,1,0.9169342716534933
3a75d8bc,36.3984,0,5.094613716967918e-06
08fb43c6,41.1294,1,0.6122835303346316
4d57fe03,32.265,1,0.9409242669741312
7e02f2d0,38.9177,0,1.7124381201938377e-05
2951d5a2,42.5612,0,0.0006169552749876553
67cdcd2f,30.4869,0,0.0003235785843571648
2f23d622,40.367,0,0.054950895408789315
1d500cdf,33.1315,1,0.9837656815846761
9f84a328,45.1398,0,0.022723936553423602
79a6f286,34.4721,1,0.9992679357528687
8416c38c,41.434,1,0.9995730121930441
f2bdb041,40.7001,1,0.9992896517117819
3ab15430,37.338,0,0.012461017972479263
d8b894c2,45.3718,0,0.03460326651111245
29795667,44.615,1,0.9973661104838053
cb639848,38.4608,1,0.9991344014803568
b8e965d2,34.4721,1,0.9997572898864746
ebff4efc,42.5381,0,0.37333079675833386
50853a36,37.6877,1,0.9992065827051798
8e0f4515,34.4718,1,0.9980802734692892
ba84b60e,42.7764,0,0.0034812511682199934
0717d705,42.5378,0,2.2108926733229357e-05
0334eec4,37.2861,1,0.9415666460990906
9fde51a8,36.4332,1,0.6828380227088928
7ea9222e,39.9784,1,0.95934530099233
dac5bd92,35.2957,1,0.9998132785161337
6d7beb67,44.615,1,0.997014045715332
de0a13aa,36.9031,1,0.9979082743326823
65979231,35.7863,0,0.0004136045802927886
6071a6f2,43.2624,1,0.879971424738566
32580a22,34.8702,0,8.09203233605634e-07
0b87e9b9,43.9577,1,0.8512840072313944
f0ef5d45,39.234,1,0.9183023969332377
c6ffd9f1,37.9756,0,0.467549870411555
4fd7600f,42.4473,0,8.963566815872737e-10
dee16fa7,38.1108,0,0.02619541312257449
1a58d98b,43.1055,0,0.6889777084191641
23f30ff1,39.234,1,0.9979435404141744
291c8713,36.1061,1,0.9997384945551554
3e21b615,39.5835,1,0.9859334826469421
8a1c5528,35.2945,1,0.9952487150828043
66348d03,41.1342,0,4.287668294485532e-07
68a80de0,33.6352,1,0.9991557598114014
13b318de,34.8715,0,0.0045432283077389
c9124fed,34.4751,1,0.9994977513949076
6f17c8e6,34.0473,0,0.00010419840646136436
d92ff35c,37.6866,1,0.9996572534243265
0113e164,43.2268,0,0.009098233267044028
a9bed487,36.1061,1,0.9997503757476807
456d6182,39.234,1,0.9991069038709005
99d068d8,36.3966,0,2.3968635779840024e-08
2b88818c,42.5591,1,0.9444839557011923
a4067cf5,39.7808,0,3.3659826390956365e-07
4184f356,43.8456,0,1.2969178304548615e-05
35053475,45.1181,0,0.07208949847457309
ae99ad14,45.8866,0,0.10529484103123347
4cb68941,33.136,0,0.0036992463477266333
5d9fd419,43.1096,0,0.041012183452645935
e4c50fc5,38.8537,1,0.9708632230758667
9d2c5335,33.635,1,0.9994317094484965
7cc795e7,43.7895,0,0.08520326841001709
1dc1c160,40.3904,1,0.9885750015576681
794293b5,43.2663,1,0.4539465258518855
78d8045d,38.8594,1,0.9342510302861532
aca0ccb4,38.4755,1,0.6542792816956838
bb4a94cd,42.5591,1,0.8691729505856832
119f046b,35.7234,0,0.02341557286369304
5316efdf,42.5642,1,0.8384254972139994
97e2d963,41.1415,0,0.20623929798603058
0c2cf1d0,43.9459,1,0.9974785248438517
ca3a6c6e,35.3112,1,0.9997635881106058
1123c599,43.256,1,0.9974355101585388
fb19a44c,43.972,1,0.9611874421437582
e8f01e7e,36.1061,1,0.967067301273346
6706ea46,36.1091,1,0.9945329427719116
9bccbe2e,33.9235,0,0.036599387104312577
d6913851,42.7867,0,0.10515954717993736
51e96360,31.0434,1,0.9993020097414652
e77f7e17,45.8848,0,0.003256447263993323
d588cd39,41.1355,1,0.7784856160481771
28758181,33.6523,1,0.9998792409896851
ab1ece17,39.8471,0,1.0946747308615556e-07
83b74cae,34.4709,1,0.9966599146525065
d33e98bb,39.2325,1,0.9990807374318441
7f3356fa,40.7177,1,0.9976527889569601
78ec206c,34.4718,1,0.9998050729433695
7d3213df,36.5155,0,0.030396635023256142
c7d45cb0,38.0736,1,0.970806360244751
bacaacf9,38.4591,1,0.9964310924212137
15b788fb,41.2023,0,0.0022059374411279955
b8e18fbb,45.2444,0,2.2786362676348777e-08
258ae38c,39.2325,1,0.9992202917734782
2d8a438e,33.0556,0,0.03433812906344732
2d29483b,33.1877,0,0.006141138767513136
87a72548,39.0346,0,0.005070780171081424
b6cfe64f,40.7129,1,0.943368136882782
133f346d,41.914,0,0.07173686412473519
0d3ec646,42.5603,1,0.9905340671539307
2f881d78,45.927,0,0.7567822138468424
57a7eee8,38.0216,0,0.006909012561663985
bab1926a,39.2175,1,0.9997175335884094
20e4176e,35.5896,0,0.002388015069300309
35ac7dc2,42.5644,1,0.8995892604192098
66dbf620,31.3119,0,0.3474029352267583
5196228c,45.3644,1,0.8515203793843588
d6566373,39.5048,0,0.005579292308539152
27ac12ee,36.9198,1,0.9984560012817383
0c33ca9e,40.4053,1,0.9758598605791727
2ed64fa3,34.0424,0,1.480839506573517e-08
d75f4b30,42.5485,1,0.9475112358729044
d3031eaf,42.5848,1,0.9920118649800619
b0db8992,43.195,0,1.43470885838326e-07
5ff4495d,39.9638,1,0.9998360673586527
51e9dd28,38.4755,1,0.9992552598317465
a9ab128c,38.1164,1,0.2848743504534165
ed7569f9,37.3309,0,0.0004922816685090462
691efc6d,39.5965,0,2.9403109635950386e-07
3c546105,39.5211,0,0.2126062512397766
434c4170,33.6352,1,0.9992923935254415
ae882030,45.1179,0,0.007010982371866703
c7994ee4,44.5876,0,2.234223695533425e-06
c22499f6,35.7863,0,0.003363904970077177
7ce7d67d,42.5664,0,0.038970522165376074
7f13d74d,38.1701,0,0.05728208475435773
c1b8144e,43.2159,0,0.0005670663692095937
c84a92a0,35.7707,0,4.501002772864619e-06
4b58ca02,36.9034,1,0.998299260934194
3477579e,42.1265,1,0.9920447468757629
26f7b798,45.2393,0,6.819898953835946e-05
ea2440a6,38.4608,1,0.9995183348655701
78ce5f90,37.2667,0,0.001621575376096492
dbd93310,42.4099,0,0.09831709042191505
1c536d78,42.5145,0,0.4155299663543701
bdc40587,40.981700000000004,0,0.09727397498985131
aa4d8381,43.2207,0,0.00044828364237522084
c56b4f9f,30.1586,1,0.9987250963846842
4a1c2a02,35.2945,1,0.9991159439086914
74a7b35f,32.2599,0,0.09026701686282952
832a5d0c,38.1397,0,0.06243357931574186
fd228ba0,43.9076,0,8.248631928609029e-07
0c954027,40.7129,1,0.999595046043396
a2f6ae55,40.7129,1,0.9995699127515157
65a8e79e,35.6581,0,0.00013162124378141016
4cb1ed34,45.2909,1,0.4636919101079305
33f313c3,45.2859,1,0.9922961791356405
c53a1583,39.9844,1,0.9992871085802714
b9da7ff1,31.3706,0,9.439905443286989e-05
076d3642,40.3958,1,0.908114473025004
b7969c68,34.0204,0,1.0891275555498699e-07
3bc5d385,38.1024,0,0.007694344240007922
6dfd6633,39.2325,1,0.9963870247205099
f575fc15,42.6101,0,0.0032582775650856397
fbeebbbb,42.5538,0,8.673313826405385e-09
f84a5fc5,43.916,0,0.0001760945882172867
92b72c29,43.241,0,4.438585391971135e-06
54523e81,37.3325,0,2.9799243606021264e-07
54cc4bbe,41.792,0,0.007339438423514366
0f7ef121,40.3944,1,0.9608756502469381
89cd23a8,36.1061,1,0.9997907479604086
0615d2f8,43.9409,1,0.9978597164154053
892d81f6,44.5862,0,5.170536366468544e-07
a68bcde2,36.5207,0,0.01702156166235606
20e53553,38.9054,1,0.9872263272603353
72da83eb,40.3797,1,0.4953273410598437
d0e8d1b5,42.5591,1,0.9997016191482544
356f8d3a,36.9198,1,0.9991433223088583
95e55acb,38.1403,0,2.1242542445065737e-06
60227188,37.3796,0,0.0041043316790213185
7fc2ed42,34.4721,1,0.8939922253290812
0d33dfaf,43.7937,0,0.05652982617417971
a4dc6d9c,40.3797,1,0.9971739649772644
8a4259a3,44.5984,1,0.9953539371490479
707b3866,37.6877,1,0.9989067713419596
c084b83d,37.6877,1,0.7518960237503052
c88fb497,40.9835,0,0.14220528304576874
944e1ee2,41.4201,1,0.9317228595415751
6e9d5935,39.556,1,0.917466421922048
30911a15,39.6382,0,0.00015149758958917423
2dfb666c,45.2859,1,0.6545137166976929
9d0b55d0,38.4755,1,0.9965711832046509
025f1df9,45.2859,1,0.9862462083498637
18ec6625,34.9528,0,1.0625249096563039e-05
29039eaa,45.356,1,0.6610996325810751
9eeec033,33.1761,0,0.07767320424318314
4712eece,42.5093,0,0.18219742054740587
83b85acf,43.2612,1,0.9997522036234537
79b62cbe,39.2325,1,0.9995114207267761
88b5b1aa,42.559,1,0.852046529452006
94dbd8f7,45.2393,0,3.1140289019996694e-06
72c46573,38.4591,1,0.9861356218655905
527bc702,41.9264,0,1.911685918306224e-06
ff3e8685,41.0834,1,0.7312991619110107
a678fd9c,35.2957,1,0.9335094094276428
ff9db753,42.5598,1,0.9360537528991699
4b5591fe,39.6393,0,8.994059976785707e-07
a6bcfae8,41.7032,0,0.16377932329972586
a8ad190c,34.4709,1,0.9991396069526672
ffead436,39.5955,0,1.440432631246343e-06
c1bf693f,43.2286,0,6.254104334857402e-06
4ae3bbc4,38.2732,0,0.013898325618356466
df643161,45.2859,1,0.9777721762657166
249dac4a,42.5591,1,0.9554200768470764
b237b4fd,45.2714,1,0.6808251539866129
d5eb62bf,40.699,1,0.9992579420407613
f646fdee,34.0467,0,2.8789658396514522e-05
9de164df,45.2858,1,0.7455811699231466
61939c43,37.3624,0,1.3311208514702837e-06
779308ce,34.9664,0,0.02180210512597114
a1766f00,41.8664,1,0.8863519032796224
24d42321,38.4591,1,0.9945163528124491
e0323d3d,31.3431,1,0.5148521115382513
925aeb50,43.7878,0,0.004250524332746863
b6085e43,37.254,1,0.9863117734591166
26d5cd61,38.7507,0,0.010778489988297224
79c2a876,41.8808,1,0.7504372795422872
9d128f64,39.9638,1,0.9997547268867493
84e0d5b9,41.9264,0,0.0005879761180646407
5c65b4d1,33.1988,0,1.7338529545440906e-06
4b5201f0,39.6535,1,0.9787455995877584
51af2ec6,36.4447,0,0.018606660421937704
c86a6ff2,39.6438,0,0.00023366498984008408
1bd0680c,40.2467,0,9.235516366364512e-05
d6c28aaf,34.9642,0,6.386279195188156e-05
6e9b3b19,39.2166,1,0.9998274246851603
a996191d,37.2175,1,0.26875905444224674
22b5520d,34.4721,1,0.9996588031450907
5c3315e9,42.4078,0,0.07866287045180798
6a182742,31.3685,0,0.16534714897473654
56029b57,33.9214,0,2.1035699243536026e-05
d1bf920a,40.248,0,0.004952435886176924
10ceaa35,39.6261,1,0.9813637137413025
9f345fd1,38.02,1,0.9893905917803446
1924ceeb,45.2714,1,0.9810821215311686
bbad8fed,34.0426,0,0.0009831674433371518
4082b192,36.1049,1,0.9989232023557028
1130ed26,38.7816,0,0.05067514752348264
8996737e,45.3704,0,0.05486921283106009
11581b71,45.4055,1,0.8039822379748026
46c85664,43.951,1,0.9734095136324564
646f6db3,41.1227,1,0.6277299722035726
87319e1c,43.2353,1,0.1130933395276467
796ebe09,39.9784,1,0.9997061491012573
ed06efcc,43.479,0,0.0166993338886338
b75e73e5,34.4721,1,0.9968142509460449
4777aa81,41.7568,0,0.025383500071863335
fa943a88,39.6089,1,0.9964420994122823
ece8ca94,38.4755,1,0.9865891933441162
fffe76e4,41.8447,1,0.9862967133522034
41477516,39.9784,1,0.9988702535629272
267dcb11,33.2169,0,0.00041125688100388896
7b489754,40.3904,1,0.9444487889607748
52d8851b,39.2166,1,0.9919253786404928
01208f76,42.5682,1,0.8197868466377258
fa537e8a,38.0165,0,0.001981113823906829
89353676,44.4736,0,0.0022223281169620654
70dd04b1,41.128,1,0.9952799479166666
b7724e0b,33.2825,0,7.05446923063846e-05
c0ce2db6,38.8275,1,0.4142156218489011
2f349ae8,44.6246,1,0.7024735510349274
7830fc71,43.2159,0,0.0001650391253254687
9915bb7e,37.6894,1,0.9996527830759684
0d42919f,43.8395,0,0.4088162009914716
8ea22423,43.2607,1,0.5899602969487509
85353f2c,43.946,1,0.9893387158711752
f82ef974,43.9252,0,0.07032487293084462
74c92938,38.2635,0,0.7890149354934692
e05644fb,42.8397,1,0.9989597797393799
9545edd5,40.7118,1,0.9552040497461954
0d42590b,34.4878,1,0.9966088136037191
8a64ac2c,38.9999,0,0.09991127749284108
7b30cb99,35.7829,0,0.0029465448848592737
5cb21dc1,36.55,0,2.8766409959265124e-06
741dbbfc,39.9796,1,0.9993452827135721
154e0b2b,40.9805,0,1.6387633460605382e-05
0859ef5e,43.9131,0,0.11905480300386746
b83c1c5e,38.1595,0,0.00045335855005153763
54b0da58,42.7613,0,0.00016256832198754031
6cb7c7c6,38.4617,1,0.39420340955257416
569f5df3,34.8455,1,0.9024158517519633
0b13cae5,36.1061,1,0.9551859895388285
737a9cac,32.7878,1,0.9997643232345581
1303a495,44.0157,0,0.8476041356722513
b11b353e,43.2946,0,2.3764020132451455e-06
3a0344b8,37.6877,1,0.9946416020393372
7bf29f35,40.4161,1,0.7889647682507833
a85f883b,38.1567,0,5.4305923185893334e-05
3e241d35,40.7118,1,0.9988535046577454
d74f3144,43.9873,0,0.009426460911830267
b74c6681,45.1813,0,0.027446691412478685
cfe2ed3c,33.1315,1,0.822290301322937
60bcf9a7,36.1061,1,0.9998805920282999
2c039c2f,37.6894,1,0.9998785257339478
26fb0d4f,43.2611,1,0.9489277402559916
f957086b,40.2466,0,1.512198556004781e-07
5400fdf1,36.5593,0,0.0009459105979961654
5a501d33,45.3562,0,0.6028266549110413
062857c0,45.2853,1,0.9885321656862894
6445480e,42.5644,1,0.9994908372561137
f56005f2,42.1683,1,0.9206634362538656
6212bcc2,33.6352,1,0.9992750485738119
b33ba1c3,45.383,0,0.04296666383743286
2d348f42,40.3449,1,0.6150550047556559
02b582a3,45.2909,1,0.7844512462615967
3663415e,44.4459,0,0.05049500148743391
146aa91f,36.4733,1,0.9804771939913431
e22c3951,36.7033,0,0.20221890260775885
871a864c,43.9837,0,2.4263668444805358e-08
870567e3,40.7189,1,0.9954915245374044
3fec3dcf,39.509,0,0.05185604374855757
430f9c05,35.7863,0,0.13629691923658052
cfe9ede6,40.7129,1,0.9988704919815063
6738197b,36.4332,1,0.9995914498964945
a91ca38c,34.4709,1,0.9887758692105612
573948d6,39.2337,1,0.9998311003049215
ae0749b5,43.2159,0,0.42255738377571106
74565344,41.145,0,0.011638452454159657
1740ba41,43.2888,0,2.8428101472854905e-07
ee35ad62,39.2166,1,0.9846398234367371
4fa6d8ae,36.5411,0,0.006673961189032222
3e5ec769,40.3814,0,0.0011370949214324355
1ef4255b,39.9638,1,0.7944382528463999
93ec3e49,34.4721,1,0.999572237332662
51cb8ffc,36.123,1,0.9950935443242391
b5134299,30.4499,0,1.1137110959680285e-05
479620e5,43.4731,0,0.00016863448884881413
31dc0991,44.6196,1,0.8205791115760803
b36a9700,40.3944,1,0.9660090804100037
0f383168,32.3102,0,0.07754481583833694
bc9745e9,39.5027,0,0.15251500407854715
edf62967,41.8582,0,0.4297456641991933
86edc13c,43.7813,0,7.297775027836906e-06
a750abdc,37.9959,0,0.013332307513337582
0b59fa1e,36.9031,1,0.9997886419296265
54673bc9,38.1366,0,0.34910009304682416
8144048c,34.4721,1,0.9953998923301697
e1eb80f3,35.2954,1,0.9944691856702169
66ea2fbd,36.1061,1,0.8732529083887736
a63467f2,34.8705,0,7.101303710991639e-07
f3d0355b,40.4413,0,0.030349717785914738
b02c772f,42.559,1,0.9976811011632284
c9dcc1c8,35.7863,0,1.4127597448047405e-05
3cbf9912,42.5682,1,0.8414435585339864
e2a547bf,35.2994,1,0.9992672403653463
11ab27f8,39.6118,0,0.0028268743384008608
56c8639e,42.5075,0,0.03943626179049412
fa8ee5b1,45.3618,0,0.01509632666905721
60ad0aa8,35.2954,1,0.9997516870498657
d83b0e62,39.2325,1,0.999500572681427
538701d0,40.7186,1,0.9977876742680868
a9910e86,34.8918,0,1.8054964812108665e-05
63e86eae,40.7177,1,0.9975780844688416
26e49ee1,38.7487,0,5.7874293801774e-08
213dc696,42.565,1,0.987641453742981
65460dbe,35.6698,0,0.013464586188395819
c0d4f75a,37.1941,0,6.544884397404378e-08
32b4a247,45.2814,1,0.9963137904802958
224d5423,37.2294,1,0.9850564400355021
932c43f2,42.4142,0,0.021593304350972176
e869a49a,44.6196,1,0.9827912449836731
9e25e53e,40.3973,0,2.3789752597499122e-07
b7653ab1,38.0867,1,0.7807086308797201
32e6a3f7,36.4505,0,0.03865847239891688
19279980,42.6447,0,0.14062511175870895
3a32ee9b,43.946,1,0.9689708153406779
2abe1a3d,42.1483,1,0.9770243962605795
682d8246,40.981700000000004,0,0.13872701053818068
f8284ca0,42.559,1,0.9877608815828959
b792a605,42.4126,0,0.00011767632319485226
f9a440e0,33.6352,1,0.9987129171689352
88bad85f,41.4386,1,0.9988301396369934
9c7eded0,42.542,0,2.255569531151025e-08
9c810836,38.8723,1,0.8383247454961141
a51140e3,44.6239,1,0.8938841223716736
471b4962,34.4709,1,0.9992105960845947
d348093d,40.7129,1,0.9992708762486776
6e6c1c76,34.4721,1,0.9998326301574707
5a925c68,39.9784,1,0.9996602336565653
da120a5a,44.459,0,0.0012484605249483138
9ce9aca5,42.5591,1,0.994687020778656
7810a630,41.8554,1,0.9549454649289449
e967db90,33.635,1,0.982323944568634
256a8dc2,44.6196,1,0.9050066272417704
492bb0d3,33.0766,0,2.4656133490452703e-07
b3206c76,36.4912,1,0.8019073406855265
e7bedace,38.9318,0,0.012135344557464123
df4c99f5,44.6137,1,0.9688564737637838
9cb5cd37,38.7459,0,0.008187843932925412
2cc2bcec,38.4741,1,0.9993040561676025
5f4c8750,39.5372,0,0.17723644462724528
638b3f0a,31.5797,0,0.21639457841714224
3c98959e,44.0373,1,0.4219258775313695
ff877523,42.1486,1,0.9859174688657125
df5b243a,43.3444,0,4.848938966207454e-09
eed649d1,35.5574,0,0.010145603523900112
7e780812,38.4755,1,0.9994825919469198
1668b420,43.2659,1,0.9960433840751648
76f503e2,31.3404,0,3.888552697617342e-06
3b0163d1,33.4034,0,0.0768186201651891
20483e06,38.02,1,0.9915120999018351
89c8c34b,38.1535,0,5.014506238391429e-07
c0d49276,36.4565,1,0.9995424747467041
9efee165,33.634,1,0.9953446189562479
135d49fe,39.6636,0,1.2975778969822234e-09
7e975fab,33.6352,1,0.9996289809544882
7fbd1c2e,38.9007,0,1.1910183624526856e-07
9ca2cf2a,35.2984,1,0.9996111392974854
8a178d4e,43.9409,1,0.9756466150283813
a49af929,38.1386,0,0.0003491719229108033
debf3bc1,41.8353,1,0.9800284703572592
ff0fbffe,37.704,1,0.9991010824839274
c826d611,45.1157,0,0.009051356697455049
388c5565,35.2987,1,0.9994020263353983
35a8236c,41.1346,0,2.205132811165337e-07
82db4fdc,45.2393,0,1.1483221484809292e-06
bbfc1788,43.222,0,0.0013449401570445236
5e798f71,43.2619,1,0.9234824776649475
2334265c,40.3944,1,0.9454173644383749
992bbcd7,37.2294,1,0.811472217241923
19f6736f,41.1965,0,0.0031116243917495012
3b81a400,36.5862,0,6.256719675690192e-08
0a982892,43.2611,1,0.9978698492050171
616733d1,33.2936,0,6.450495504850551e-06
dfe9aa29,35.6291,0,0.002123541276281079
abd13315,43.9873,0,0.00266357957055637
be0d9575,42.5591,1,0.9982932607332865
a0d9ef1f,39.9784,1,0.9999004403750101
fa4b7a44,42.5075,0,0.010464584454894066
0a0c6272,39.9798,1,0.9992020924886068
7e3044ef,41.7662,0,0.00019745855630996326
4c114b6f,40.7177,1,0.9439480702082316
17d06536,34.4721,1,0.9997413953145345
afb46b2b,41.1355,1,0.8366533716519674
301293ea,35.2957,1,0.9987951318422953
a1bb8d84,38.0736,1,0.8445315758387247
6b37488d,44.5936,1,0.7456232905387878
058a5768,39.5048,0,3.00495600254654e-07
275c2a27,39.647,0,0.005105173336536002
d26bed47,38.4589,1,0.9991314013799032
7af72b51,37.3141,0,0.010548465109119812
78aa37bd,39.4991,0,1.5282356595018123e-07
fc70fa1d,36.4732,1,0.9905810753504435
a7493a9c,41.8664,1,0.8306430379549662
d80220d5,45.2368,0,3.684202816896705e-07
d660824c,39.633,0,0.03982073076379796
7a665fa2,43.2697,0,0.27885613838831586
ebeb858f,36.4393,1,0.9917024572690328
e0cff0f1,37.1908,0,2.6074392126910578e-08
c03c0809,37.237,1,0.4092974190910657
07ecb0dd,43.2611,1,0.9963232080141703
25728745,45.2901,1,0.901775856812795
1613016a,39.9784,1,0.8294686476389567
618ac08e,42.1486,1,0.997108519077301
fd6a4725,44.5987,1,0.9965741237004598
cad45122,43.9194,0,0.0001269199492478871
882e8128,45.2541,0,0.00011141087391782396
a2930a87,38.4591,1,0.9991139570871989
2181e24f,35.669,1,0.9142440954844157
f06ecb96,30.4878,1,0.7986147403717041
7e1ca845,31.3742,0,1.2121898755879101e-06
d8ed5202,42.5644,1,0.9803974231084188
7cdd2db8,39.2325,1,0.9996780753135681
c11b6e19,37.2861,1,0.7903998692830404
626bcc9c,37.6904,1,0.9995954434076945
4d665e8c,40.3958,1,0.9721836646397909
85248702,41.7014,0,0.590253472328186
29ad22d1,38.1062,1,0.6624300082524618
2d736d0a,44.0359,0,3.1675734035729874e-07
ec36aef0,45.1289,0,0.012785230452815691
be6583a3,43.9369,1,0.893829345703125
dea041a8,39.6857,0,0.42778847614924115
9337d950,33.6352,1,0.9983225067456564
09ecea99,40.4862,0,4.699133334303459e-08
b5168440,33.9931,1,0.8907705545425415
2e5c433c,33.634,1,0.9993456602096558
2133a43f,45.2652,1,0.8008758227030436
35080d73,43.267,1,0.638131340344747
8687f19e,37.6877,1,0.996716837088267
246a9cf9,38.0583,0,0.13695666193962097
5210b709,45.3867,0,0.2985438009103139
fe70a6d7,34.489,1,0.9989878535270691
0abde10f,35.2975,1,0.9959291021029154
267afe4f,40.4366,0,0.23713706185420355
b5385b7e,44.7829,0,8.709242445744299e-08
1f81137d,36.1061,1,0.9995430707931519
76ac4153,36.1061,1,0.6377274642388026
41e04309,42.559,1,0.9904331962267557
cbd26eff,34.8598,0,0.027878429895887773
ddf0ecc7,39.234,1,0.9975233872731527
1c3e9901,34.2299,0,0.25612688933809596
55a724b1,34.7521,0,0.366576611995697
ca69f5a4,35.7442,0,0.0036477442287529507
7faa4a03,38.91,0,1.4944549301768955e-06
81b3ae87,39.659,0,0.32233327627182007
8dc762ef,38.1605,0,1.544524472289292e-05
16383865,43.9409,1,0.9881868759791056
2ff98f07,39.2166,1,0.9958938956260681
f3e78568,39.6912,0,0.036267044682366155
cc697de5,37.6866,1,0.998676061630249
7947e997,38.1079,0,3.335661228713131e-07
bb738e81,35.7829,0,0.014433610117218146
191a909a,34.1271,0,0.0005665475055138813
28c78338,43.0876,0,3.111642471094929e-07
8975a574,38.0736,1,0.9624292055765787
8acbcd96,43.9644,1,0.9189244906107584
58ae9d78,37.6866,1,0.9998558958371481
7a7aa1a5,42.5128,0,0.004474597827841838
5f6546a1,41.8488,0,1.238728998487204e-06
957821db,38.4591,1,0.9554886420567831
7e4ab13b,45.2814,1,0.54772087931633
034e5ac4,33.1761,0,0.17751109103361765
261d5678,37.2428,0,5.886920663473784e-09
11391666,41.1227,1,0.90710977713267
7229c2ec,41.8248,0,0.0004267449985491112
afac9486,39.9784,1,0.9990514318148295
94e0a5db,35.6314,0,0.005049513963361581
50fe4eeb,34.4721,1,0.9887057145436605
ea95132b,34.79,0,0.0007146197458496317
0840a539,40.4793,0,0.008839889662340283
15dbcbf4,39.6484,0,5.086536537154037e-07
dd1b0222,35.7409,0,4.709384544791343e-05
7b2df385,43.256,1,0.991442084312439
ab1c3d73,38.0144,1,0.9376570383707682
4ce099f3,36.4444,0,0.039886606546739735
d439fa99,33.9229,0,1.4094133800786798e-07
02530ece,34.4721,1,0.9995516538619995
56054fb5,36.7033,0,0.26142405718564987
ec822cf5,34.1486,0,0.0016133120807353407
9c74b2f4,41.0849,1,0.9790273904800415
6193508c,38.9108,0,1.2136536743886003e-05
c824f98f,38.4752,1,0.9996898571650187
a59605a2,39.2337,1,0.9998688300450643
2d253f1c,39.6636,0,7.757298951342287e-09
318a28af,43.9933,0,6.295081944548049e-05
86e7ba72,41.8554,1,0.9956048130989075
f09265ef,34.0171,1,0.984975794951121
e19e9776,33.0605,0,0.041121682773033776
5c5cd0b7,36.1088,1,0.9996762871742249
9d1b433b,39.9844,1,0.9955734809239706
7f1b52ad,36.1227,1,0.9993955294291178
4076392e,45.2181,0,0.0038940246837834516
fce0e10f,45.2764,1,0.997484564781189
aefd03c3,30.4373,1,0.874812920888265
2bcec785,31.384,0,0.12538211792707443
f828f3c5,43.241,0,5.0575340064066644e-08
617bf094,38.9194,0,0.1280598926047484
6abe8d67,36.9032,1,0.9996421535809835
0aebf04a,38.7481,0,1.4467936959583483e-07
bfc8373b,45.2909,1,0.758111298084259
ea712987,44.6676,1,0.3889673749605815
1cb7fac9,42.5591,1,0.984067459901174
0d3b11df,40.2484,0,0.3261093447605769
a04714f1,41.8265,1,0.9775663018226624
43639bfa,38.05,1,0.9400622248649597
d7522dd7,33.9229,0,8.311772425884101e-08
b314d1f9,43.9194,0,5.1240124291733e-07
20b1e634,34.4718,1,0.9996898571650187
659ecb23,42.0554,0,0.0017857245984487236
c8bdb148,34.9528,0,1.3516775463055334e-05
cd53b42e,43.9138,0,0.004562296730000526
447b145c,42.5128,0,0.0007411283246862391
88ea03f9,45.2853,1,0.8987429738044739
fd5e52ba,41.4386,1,0.9990304509798685
e17b1064,38.0867,1,0.8519232670466105
01944ac7,35.7863,0,7.308351671989992e-08
cc981fff,33.2936,0,8.859488878631971e-09
20936ccc,45.2859,1,0.7947611610094706
7f4d606d,43.2674,0,0.020766574268539745
06ebccea,40.9834,0,0.041191969687740006
a998c175,44.5964,0,0.07638620150585969
fb82daca,37.288,1,0.7757323980331421
86ff8b5e,35.5894,0,0.06843649099270503
74a6e47e,43.4731,0,0.0013766439063450282
cbec7a59,44.0282,0,0.577849547068278
a514b707,38.8159,1,0.9941173394521078
e697b7a9,39.234,1,0.9216497341791788
cd703f53,34.7658,0,1.7599520241162736e-07
817aba3f,41.8498,1,0.8727620442708334
f613255d,39.6927,0,0.34059275686740875
0015055d,43.108,0,5.577076822434653e-06
a0137431,39.0551,0,6.271732345908276e-06
91bf5036,36.5404,0,0.0001565161752902592
58338e99,38.9189,0,0.013345526531338692
76f74570,32.7848,1,0.9345468282699585
f5addf4f,32.1884,0,0.0003933545764690886
f1c3b1f1,41.7003,0,0.014242542441934347
17dcc03a,38.02,1,0.9814547499020895
da20c5c3,40.3904,1,0.9762376546859741
786ee92d,43.9024,0,0.4007590413093567
1e2c3eb4,39.9635,1,0.999712606271108
653f198a,39.234,1,0.9996803005536398
09aa6df7,38.9132,0,0.0009432104028140506
4de56b05,30.6838,0,1.935654797928047e-06
62e844e7,39.2166,1,0.9992176294326782
796f23d4,41.8645,0,0.005715651602561896
74272c83,44.6239,1,0.8867300947507223
8553004f,40.9806,0,0.02858038494984309
4d6f2076,42.4133,0,0.20738579332828522
67b63f9a,37.6866,1,0.918489913145701
5fc0106f,41.9308,0,5.9371915995143354e-05
68315739,34.0974,0,1.2471218004369197e-05
e8984ef2,38.8537,1,0.9216018716494242
1472a788,35.7411,0,0.0009423363177726666
34149d63,41.8664,1,0.8641109267870585
606412bc,40.3904,1,0.29606372863054276
fe376a63,39.9795,1,0.9991609652837118
fc82c349,39.6576,0,0.002401431707160858
699105e7,39.545,1,0.9318579037984213
b095a438,34.4709,1,0.9897781809171041
fd1f0c9b,37.2978,0,0.8768209020296732
7522fbbe,45.2814,1,0.9585809906323751
1dfd85d3,42.559,1,0.8706927498181661
9746de5e,40.9806,0,2.627009436650951e-07
7a836d1f,43.1083,0,0.09984463624035318
4766f967,42.8454,1,0.787983238697052
8d1fa9f8,36.5865,0,6.868211858090945e-05
3268312d,34.0184,0,0.0004895723886875203
63d60bde,36.9034,1,0.9924113154411316
56be26ac,43.851,0,2.0513785228123044e-05
d3976936,34.4721,1,0.8531858325004578
f4982195,42.559,1,0.9997270305951437
d2ba9103,40.3196,0,0.3147894690434138
be2e5ed6,31.3701,0,1.0923204835459426e-06
9ab2d2c4,40.4082,0,2.9206935225900565e-07
0a2e9a0a,43.1087,0,0.003417680253429959
e870fc10,44.6246,1,0.8728458881378174
bb9cffda,33.1855,0,0.0002481292212905828
220fdeb8,43.1463,0,1.8484131798085501e-06
ef96916d,45.2814,1,0.9785834153493246
22679531,35.6334,1,0.9873316486676534
fd47c6f9,39.2166,1,0.9956500132878622
4b1a6229,43.2611,1,0.8131998380025228
f254749e,43.2567,0,0.06703836750239134
693a954a,44.6239,1,0.9441458781560262
6ce4fc19,35.2945,1,0.9699049989382426
49f4d394,41.8505,0,0.06562195097406705
813e4924,34.4709,1,0.9979282816251119
66037a88,33.6393,1,0.9995611508687338
da54e341,43.9202,0,0.018614725209772587
dd93047e,34.0655,0,0.0030186033497254052
4c060a7f,42.4026,0,2.2850427698154856e-08
755cabe3,45.2853,1,0.6736720005671183
f492c87d,37.3669,0,0.0009587150583835561
95be51e8,42.5591,1,0.8371288975079855
586b3dee,39.6536,0,0.6339173018932343
f10fcdd5,39.6622,0,9.447980087173846e-08
aab472df,38.4608,1,0.9966253439585367
47e9b7d5,38.8085,1,0.92439204454422
a47b7dee,32.2297,1,0.6891670028368632
a2d9739d,38.1493,0,2.901580045677754e-09
b110c6bf,35.3125,1,0.9950642387072245
25d6248f,35.7863,0,0.0010747158570059885
c70c9e1e,44.0116,0,4.0504619218858135e-10
f8c7b912,45.3362,1,0.4694594939549764
d547b0d5,41.9016,0,0.02799635659903288
e9f69e5f,39.6261,1,0.9804007808367411
f4a07073,42.565,1,0.7916734019915262
4a57e4e6,38.4591,1,0.9997604489326477
fd6a8a9c,38.02,1,0.9994713068008423
b09917f6,34.4721,1,0.967318594455719
7fe65b97,37.2802,1,0.6522824565569559
6c166fcb,39.234,1,0.8977260589599609
1f39cbec,42.5598,1,0.31803351640701294
45aae75f,43.2964,0,5.845132703778214e-07
f73d35c2,41.8495,0,7.469182446614061e-07
b7ca0494,36.4751,1,0.48896903296311695
e19deae1,34.9664,0,0.0014998262643833489
a4b0dabf,35.2954,1,0.9667645295461019
b7959fdd,42.5128,0,0.0022317145485430956
efc00a93,42.4438,0,6.98360574230561e-10
0f467f8a,37.6866,1,0.9980721275011698
5b7b88d2,38.8594,1,0.7893321514129639
e74b4ac4,36.4569,0,0.0009997929834450285
1664c714,34.9664,0,0.006288446020334959
7e452214,36.4845,1,0.9813231825828552
3b431e27,41.877,1,0.4496499492476384
81931bd9,37.486,0,0.00514019577531144
c1737f6c,43.7924,0,0.007249068313588698
fc9548b6,40.7118,1,0.9942718346913656
65b52c55,41.205,0,0.002146415790775791
f1b88228,38.1816,0,5.898603575360539e-06
9997020b,38.4755,1,0.9993998805681864
bcd498e2,44.6187,1,0.8683074116706848
f813adbc,39.5835,1,0.9773579637209574
36f28ec6,41.0513,0,0.039145988101760544
dbde12c0,37.6875,1,0.9997566739718119
56f59b5b,40.7177,1,0.9977659781773885
ef6d734e,34.4721,1,0.9991811513900757
707c2bb1,38.0144,1,0.992713212966919
ad9b5269,38.4752,1,0.9976190527280172
2f2975c0,34.9664,0,6.689924495854409e-08
19c2b122,39.2325,1,0.9996620019276937
8ee7101e,44.4826,0,0.009581312246154994
8eb02ce0,33.6511,1,0.9957456191380819
0c4dee0f,34.0352,0,7.6083618599417e-05
d74b6f76,42.6356,0,0.3252129554748535
66f454c8,44.6201,1,0.6471119423707327
b950ff96,40.4476,0,0.001777533538794766
c7af9fff,33.6352,1,0.9997291962305704
13acab66,39.9784,1,0.9992852012316386
6840d35d,39.6531,0,0.0013068719029737015
73974fa2,45.2653,0,0.05946379962066809
39a88042,34.1216,0,1.9404502478910976e-07
7572e27e,43.9459,1,0.7701469858487447
46cd533d,45.3654,0,0.11803737748414278
e90038aa,35.6588,1,0.9281903902689616
f38ddd0e,39.0346,0,0.012532773815716306
9ff92f2d,33.635,1,0.9906026721000671
ff246b53,33.9978,1,0.9570729732513428
43135317,43.8284,0,0.3635304495692253
c0dc98a5,32.2567,0,0.0011259318901769195
4e7a22f6,31.0434,1,0.9915923674901327
93beaaaa,41.870400000000004,0,0.8896782795588175
2d0612ad,41.1289,0,8.336426967995673e-07
bc7a854a,42.4133,0,0.03232828116354843
30081a03,38.0648,1,0.9854194521903992
e8200704,41.088,0,0.8354040781656901
d36924df,39.9844,1,0.857587456703186
b522fe03,35.6334,1,0.9731391668319702
4b68ae4c,39.669200000000004,0,1.9703241941707952e-07
46de17e9,38.9007,0,0.07448625688751538
3e8f7125,37.97,0,0.035876245237886906
7a8b58ca,36.4792,1,0.7408003211021423
f103f1f8,34.9528,0,2.806165681767947e-10
12c38030,38.8594,1,0.9817712108294169
2256d68f,38.4755,1,0.9825715025266012
4832f44f,43.2611,1,0.9742836356163025
ed396a16,39.6645,1,0.9014149705568949
b408b391,38.9187,0,0.024821106654902298
1b059732,41.8181,1,0.7140004535516103
939283d3,34.7651,0,1.7559543342334412e-06
4f238e36,36.5287,0,0.21983404209216437
53b2d26b,36.4256,0,4.713311270165832e-07
33ea96d2,40.4405,0,0.32322553793589276
d960f724,35.2957,1,0.9988577961921692
8b12622c,32.7851,1,0.9996318817138672
0c3b2f7a,38.7496,0,0.1672028973698616
c4edad48,40.7177,1,0.9489650726318359
5158d9cd,42.5598,1,0.9529911875724792
04b03693,38.9233,0,0.3770445038874944
0e5ff047,35.6291,0,0.02409546822309494
b04f44fe,32.1845,0,0.07711290195584297
54c3d59a,42.5644,1,0.9988130529721578
c172464e,45.1257,0,3.406273952529422e-07
6a448740,39.9635,1,0.999836266040802
e1cc3773,43.9415,1,0.8864058057467142
31474e5b,36.1227,1,0.9998240073521932
f9b91488,44.6246,1,0.9767918189366659
680f2867,44.852,0,0.045463708927854896
010355ab,39.9784,1,0.47961118817329407
23fbfa2e,44.5984,1,0.996110220750173
8167408b,42.4053,0,2.560766201753495e-06
ede00a50,41.8544,1,0.9955627123514811
c982ada8,36.5092,0,0.029467760895689327
6c0ecb88,34.1271,0,2.1617393031192478e-05
ec25db0b,41.2752,0,0.0018177072245938082
352d238a,32.7838,1,0.994786779085795
2281fa30,41.4386,1,0.998908519744873
1c46183a,35.2957,1,0.9989311695098877
2e8b64a0,40.3797,1,0.9947296380996704
9bbad755,39.6728,0,0.5746052861213684
5fb98756,36.9022,1,0.9977402091026306
e7b76cde,39.2194,1,0.9998657703399658
32100ae2,35.2957,1,0.9922492901484171
6edf8ef7,43.2925,0,5.794365531978467e-06
5252b669,41.4185,1,0.9996767044067383
77c4d851,36.55,0,1.9784493758834287e-06
c69e5f88,43.9854,0,0.00028871807277634315
0125e614,37.2103,0,7.683065372058687e-07
c77354d7,41.8817,1,0.7265145977338155
1ffde571,42.5598,1,0.9894136190414429
7466c79a,35.7863,0,0.0006721079413788781
01d4c808,44.6246,1,0.99586421251297
9b2d93b2,39.2325,1,0.9970054825146993
46b7ebab,34.4718,1,0.999122679233551
adc216a4,43.3374,0,0.0021009078482165933
325a4fad,36.9022,1,0.999248743057251
86ab9b92,43.3172,1,0.8528883258501688
2d9d69ec,42.4142,0,0.019439384962121647
f67babb0,42.5591,1,0.9996257026990255
def4a178,38.0736,1,0.8302242159843445
e1b69ab4,38.831,1,0.36403389771779376
dd22a9ec,37.2428,0,5.842766350738771e-07
cc23db81,36.1058,1,0.9991539120674133
dedf2035,41.1704,0,0.9506346583366394
2dcfd785,33.0605,0,0.003619220709272971
2b2a2862,41.8664,0,0.5026966879765192
22f9a871,33.635,1,0.9997927745183309
8dbefcbd,44.6139,1,0.9754849870999655
adc24af7,40.2988,0,1.3219786391497715e-07
d39522db,43.9847,0,2.671879296774667e-06
4c16ee8c,33.9415,0,0.031142504885792732
6c542180,35.7707,0,0.00019717089782981626
a0d0d3b5,45.3656,0,0.008282870054244995
292af507,39.9795,1,0.9926108717918396
c2d87794,38.4741,1,0.999700923760732
ba57a170,43.3049,0,0.22044636060794195
5dea1266,44.6139,1,0.9949097235997518
a52dfc0e,43.2202,0,0.014132017580171427
d3aada91,43.9459,1,0.9663853247960409
43966b7c,42.5128,0,0.007971024994427959
68d78592,38.9425,0,0.14368406186501184
ad22c618,38.4752,1,0.9995110829671224
894e9be7,43.7797,0,0.00445780815789476
ffb83485,43.2611,1,0.9547505180040995
fb7bad50,43.9816,0,8.832597856815264e-09
ded25b18,38.761,0,0.01107501587830484
4f29af47,38.8594,1,0.7714465856552124
fa1ed515,35.2945,1,0.9962573846181234
71ca7993,40.7118,1,0.970412015914917
37f93675,39.6426,1,0.23122405299606422
299c9b05,45.2814,1,0.8093650539716085
9e361ab3,41.8447,1,0.9935009678204855
50e84584,40.7129,1,0.9992123246192932
00f7ef1c,34.4748,1,0.9990599751472473
5f3397e6,37.3779,0,1.253922726762724e-08
979daee4,36.5572,0,4.6338827814906836e-05
3efd725b,42.5656,1,0.6928698718547821
4673de2a,39.2166,1,0.9996669888496399
0867ca68,36.6134,0,0.000474226947214144
0d179546,45.3015,1,0.9550744891166687
ea39dbdf,38.9202,0,0.0033839867974165827
5922e495,38.9177,0,0.056944540003314614
824277c3,45.9375,0,0.8111991683642069
e87b80d6,41.4339,1,0.9998114307721456
b3040223,41.7479,0,1.8897699118521533e-08
8b98cb3c,41.7416,0,0.016723535644511383
b931ba67,36.4565,1,0.7347741226355234
60f72281,43.2619,1,0.9474929769833883
000d71b1,34.8374,0,3.631612891889328e-07
ea674ab5,40.7129,1,0.999694287776947
617e8264,42.559,1,0.9944644570350647
25653d70,33.2077,0,0.0009217167680617422
1a6364af,42.5145,0,0.08029612029592197
b1a2ef1f,42.5128,0,0.2224354843298594
c10da10b,33.635,1,0.9997923374176025
294fd9e6,34.8705,0,0.00018306353861892907
61d45f63,42.1428,1,0.9994076689084371
bab30cb8,35.2957,1,0.961112896601359
77358b3e,43.9888,0,1.9450605244960192e-07
8bbd5220,34.4721,1,0.9985726674397787
e29306d2,45.2909,1,0.9728097518285116
b97aa206,39.5015,0,0.0408513102059563
3a75c2d6,45.2853,1,0.9758117993672689
9a574b10,39.5661,0,3.901576837961329e-05
fb5167db,42.4509,0,0.008077502638722459
1a18d38b,43.1096,0,0.0020537001643485078
cf9144a8,43.4975,0,0.02026519738137722
f46f7549,34.9109,0,5.879994432689273e-06
bd2fd8ca,43.1055,0,0.2918393649160862
b410c773,36.692,0,0.04917700650791327
3bbdc809,43.256,1,0.9910640716552734
8eed8346,43.9409,1,0.9629678726196289
4bc45388,33.923,0,0.0377550491442283
29c69ecb,43.2611,1,0.8232739965120951
f29ff564,42.5222,0,0.46420245865980786
4a35362f,38.9249,0,0.09962303067247073
60bb1382,40.4175,1,0.707695871591568
fd049c5e,42.5591,1,0.9983483552932739
5f477182,42.542,0,0.0010595948090970826
df478779,38.1403,0,3.8922654432838044e-08
07d60155,31.5671,0,0.020131811033934355
e0a4f516,43.7878,0,0.0034364635648671538
c335f5e7,44.0296,0,0.8074865937232971
aaef2165,38.2635,0,0.27141593396663666
2330d08a,37.1962,0,0.7895021239916483
ed4f83f1,42.4142,0,0.00472804702197512
a2d9dcdd,41.145,0,0.0002023998434500148
af1eb06e,38.0331,1,0.6758333047231039
17634039,36.9052,1,0.9993718465169271
adb3b1dc,42.5644,1,0.9975895881652832
ae82da14,39.9784,1,0.9983805616696676
aa024698,33.9843,1,0.6955159505208334
796dfa06,40.3958,1,0.967155913511912
de0460c0,39.9844,1,0.9992183248202006
c5cb318a,42.5145,0,0.001998280844418332
5587d806,42.5598,1,0.9248361587524414
cdd37130,41.4183,1,0.999941865603129
94462587,37.254,1,0.7994298934936523
542dc0f1,32.7838,1,0.9974446296691895
aa78ee28,38.2635,0,0.06742341940601666
4ff0b518,40.7118,1,0.9970373511314392
932d8a37,32.2141,0,1.362361059150293e-08
0925dff9,42.5093,0,0.026283917638162773
96b89aba,43.947,1,0.9987054467201233
e19e1599,39.5835,1,0.6022037665049235
eac1ed77,39.5371,0,0.016194263317932684
1b7acd4c,38.4591,1,0.8695338567097982
11745012,34.7608,0,2.4310819014772278e-05
5d500eef,43.1225,0,0.00035152724497796345
25099fdb,40.4067,1,0.9493284821510315
af64e5df,39.9798,1,0.9999113281567892
42d5bfdb,41.2,0,5.316516122159479e-07
8f7cfa57,39.9798,1,0.8682832519213358
b95d879e,35.6292,0,3.968150970952896e-05
492b5f24,36.1058,1,0.99977179368337
59faf76c,43.9204,1,0.6141143341859182
3bc6f607,40.7118,1,0.9993182023366293
cc93f030,45.2814,1,0.9977258642514547
0498f9ab,45.2859,1,0.6763179302215576
cf7a269a,45.3846,0,0.026075769526263077
57efa83d,39.2175,1,0.9960303703943888
6fa53d41,41.9165,0,0.7593356966972351
4b951984,37.2802,1,0.4470645835002263
89d05291,36.1215,1,0.9995102882385254
a52bd61e,43.9459,1,0.9391959110895792
548cff84,43.946,1,0.986253023147583
b764665a,45.2809,1,0.8191875418027242
2c4668f9,34.0021,1,0.7336505850156149
8b2054f8,38.0144,0,0.007846013701055199
74725cf4,38.4755,1,0.9157843192418417
364a544e,40.3958,1,0.9947497646013895
2d272de7,39.6982,0,0.003054391566062501
308fc1fe,42.4625,0,4.3684598812395353e-07
17018107,35.2945,1,0.9975137710571289
7052a617,33.8975,0,0.06644637075563271
3062fca8,39.9627,1,0.999687135219574
4ea48c18,37.326,0,0.00025771185088766896
b7519a52,42.559,1,0.9781057635943095
ed4a2968,40.3958,1,0.9644795854886373
5d58d936,38.8537,1,0.9854192137718201
204941f0,42.4664,0,1.9606090916113317e-05
a4640b34,42.5511,0,0.18993312865495682
51cc4525,38.9177,0,0.0624348825464646
a02ce286,35.2954,1,0.9995676477750143
3b716f7c,36.9052,1,0.999799907207489
cd9bfc19,44.5984,1,0.9945313533147176
204afe46,32.801,1,0.998161792755127
a7cbade6,45.2311,0,3.026785720786999e-05
47f0178a,38.0736,1,0.9888713359832764
47377a6d,45.2814,1,0.9842814405759176
d782d1a6,38.012,0,5.6001246472684825e-06
97c1936d,32.3976,0,3.930058805205287e-06
c04a768c,33.634,1,0.993521491686503
1a9b4671,33.1518,0,9.305541865956002e-07
4575aa18,42.5656,1,0.9723211725552877
2a3f1b90,24.7546,0,0.04640768965085348
b4c0ff45,37.254,1,0.9632543126742045
1abf7cc6,43.9407,1,0.7006109555562338
28f7ea4d,34.0467,0,0.0001949636995656571
4e19d73c,43.1463,0,0.02751511971776684
1ccbfff1,35.7829,0,0.006105370043466489
cc2d6324,42.5591,1,0.6678530176480612
716cbd21,44.5928,0,0.04196139611303806
11d9ae7b,42.5591,1,0.9783679842948914
9a5b0c85,41.0344,0,0.005923386779613793
2acd2386,34.4721,1,0.9995823502540588
ba54a7ea,42.1431,1,0.9993433157602946
13c7bc95,42.5848,1,0.9804666837056478
1dbb4dd9,40.6971,1,0.998560905456543
d1aa409d,38.1397,0,0.5255457162857056
5801c349,41.7067,0,0.024871498656769592
e58b338a,35.6334,1,0.9638184110323588
25ce9d84,35.6526,0,9.947158559805066e-09
8dae8368,33.6352,1,0.998602032661438
1cc3a54b,43.9392,1,0.9715529481569926
4621b841,34.7369,0,9.744063572725281e-05
3f6e7136,30.6966,0,0.004169511880415182
ca0f9e05,38.7445,0,0.044597615177432694
b91c9ce5,34.8498,1,0.7785346508026123
2a17f6c4,33.2251,0,2.8982545252631553e-09
fe18f068,44.5834,0,1.1785387125466211e-07
796ef698,41.1227,1,0.782620370388031
68290b20,38.458,1,0.999070922533671
3f3813ca,38.7591,0,5.017314504603595e-08
0b85842b,40.3085,0,0.4660537838935852
44ed1785,40.3904,1,0.9560331106185913
ad7a0329,42.4129,0,0.46082500616709393
01d13585,32.7838,1,0.9995102286338806
33068a0e,36.3702,0,0.010572977364063263
bb1b3660,35.07,0,0.09241818295170863
046e4235,35.7139,0,4.851728067478689e-05
e26b8fb0,36.9052,1,0.9996016224225363
3655bf6c,33.0797,0,1.1243486143600971e-06
04dd72e9,43.2697,1,0.8508287866910299
66038fe6,44.7382,1,0.5633447170257568
be24e1d3,39.6605,1,0.8655445575714111
37707ccf,38.1366,0,0.10949094220995903
a1d7e70a,39.234,1,0.9996932546297709
4474eb06,42.5591,1,0.9839722911516825
02d46759,35.769800000000004,0,0.006688162684440613
a62d8a88,38.0736,1,0.998680849870046
0b2e007c,32.785,1,0.9987689654032389
03c9f99d,43.244,0,0.0003046416022698395
9264212d,43.8343,0,0.36355529228846234
22d5ef75,44.4586,0,0.004639660085861881
c8b9d482,41.8558,1,0.6207284331321716
e357f8dd,43.9644,1,0.7567780216534933
bcdd9b11,43.9235,0,0.016906220465898514
fb1c466e,42.5656,1,0.8327000737190247
583cdab3,39.2166,1,0.9984187483787537
dc7c3669,45.2803,1,0.6832101345062256
0b36db0e,33.634,1,0.998667299747467
754cb58a,36.1061,1,0.9956228534380595
3f024bd5,39.6602,0,0.12074367453654607
047bb667,39.5508,0,0.07072428800165653
908cfb4f,38.8069,0,0.25628873457511264
ce23e006,35.7313,0,0.04371850937604904
b73912e3,42.5441,1,0.9965788523356119
5f08c717,34.0188,0,0.002642146047340551
440fa270,32.1906,0,0.0042153809530039625
803abf22,44.6239,1,0.844437042872111
5ac3030b,43.2207,0,0.019713009086747963
df448b8e,33.6383,1,0.9996958176294962
24b80632,39.6261,1,0.7655230760574341
1f24c421,33.634,1,0.998669962088267
3bc2cad2,35.7863,0,5.714071069936229e-06
0b1d356b,37.7043,1,0.8108867804209391
a766aa64,45.2814,1,0.9190540115038554
efe3a5e4,45.149,0,9.724589133952577e-08
678ca706,42.5577,0,0.14533021052678427
cb6e4a23,37.3221,0,0.07243942283093929
55dd56ce,34.4718,1,0.9991269906361898
3e07a2a6,38.1382,0,0.4357162117958069
7f5fd60d,37.2802,1,0.7522170941034952
9dd2dee0,34.4721,1,0.9993739128112793
1c96b7b4,35.7195,0,7.832950572606023e-07
3f01fa55,39.2166,1,0.9994381268819174
88ca885d,39.591,1,0.833742101987203
c8683ab3,41.1275,1,0.6737330158551534
722a2107,38.1357,0,2.6608555738031705e-06
60b72c27,38.7238,0,0.4098835388819377
c0f3d160,42.536,0,8.046543875650514e-08
9cb7b5b9,33.6523,1,0.9978432456652323
2c95c823,43.2697,1,0.9663068254788717
7fc56a36,39.6316,1,0.7013363540172577
11623106,37.6877,1,0.9992451469103495
36827c58,41.8582,0,8.317477930101328e-07
958a8c7e,38.7816,0,6.015474867856104e-07
f75d4691,45.3874,0,0.1068351020415624
6b3e62d4,40.3726,1,0.2556973348061244
dfe050b8,38.1445,0,9.837659748275958e-05
3184b47a,33.9014,0,0.011830118329574665
b0c265d8,40.275,0,0.26480256021022797
0516529a,33.9303,0,0.0005546401419754451
5e07355a,44.6246,1,0.9990140398343405
9c3de736,41.1275,1,0.9485597014427185
0f35dc1d,37.348,0,1.462633842190068e-06
b8b26f06,40.4575,0,0.01582037905852
c3a792ba,44.5621,0,0.00011424731140626439
cd6955e4,35.6291,0,0.19676731526851654
ae143d1e,41.8582,0,7.060950645865205e-05
c7230023,40.9838,0,0.04038134100846946
b8be3864,44.5933,1,0.9916961391766866
96626f2c,43.478,0,0.002338498040141227
7e26542c,43.9459,1,0.9946967562039694
f6e337a5,37.3578,0,8.656259554603214e-05
24720922,37.2428,0,0.008392825198825449
4b453753,41.9194,0,0.10438959052165349
bd68af88,34.0467,0,1.7180094052567558e-06
b393a9df,34.4721,1,0.9982977708180746
83f19161,36.1061,1,0.9997755090395609
974931df,38.4591,1,0.8322831193606058
7eaa1fcb,33.1899,0,0.0005531686377556374
01d46a63,35.7863,0,4.388898772352453e-05
f4efae80,42.1428,1,0.9829150040944418
b760aa81,37.9986,0,1.6599776072231027e-08
b3c50234,35.3112,1,0.9970617095629374
b7cfd2e2,38.4608,1,0.9996743400891622
00f3862a,45.2814,1,0.9799506664276123
d188de70,33.9014,0,0.01996965364863475
e90b24e5,34.0428,0,2.9027766989505228e-05
48d78e40,37.2598,1,0.9039554794629415
7a4a774f,37.6877,1,0.9866064588228861
bc00ab3d,45.2764,1,0.8555188576380411
59847a24,35.7333,0,0.011637649033218622
e989ed98,34.0048,0,0.018797090587516625
f8f48007,42.4057,0,5.098316435692141e-09
94ddcb93,45.2851,0,0.4826936721801758
c0b17db0,34.4721,1,0.9992211063702902
99eeae27,40.4253,0,5.0957288446322004e-05
1d20c783,38.8594,1,0.9161332845687866
cc6cca1f,38.1067,1,0.27867821355660755
b8712f74,36.9052,1,0.999308705329895
05149841,43.8076,0,0.02373270457610488
44fee0dc,42.5598,1,0.9750443696975708
3ae035d9,45.8822,0,1.2547400691194829e-05
7ad49b9a,40.4447,0,0.003562815021723509
036e1d89,33.9178,0,0.00445442134514451
c5385c54,41.8488,0,0.0012096688151359558
2d0224a0,45.1214,0,2.31736232763069e-05
99488cc6,35.6588,1,0.9705182115236918
8aad518e,37.6877,1,0.999231735865275
bfd71df1,36.9034,1,0.9998873074849447
32c0ddb7,42.559,1,0.9797621965408325
c1b36ea4,33.6352,1,0.9974478085835775
11c7a8d0,39.8205,0,0.00015634420257507978
420de859,37.161,0,0.4840088685353597
f8cdc102,37.1996,0,1.7012345779221505e-05
6eadafef,32.251,0,3.277202777300185e-07
411425e6,32.265,1,0.6410684784253439
038b8949,39.234,1,0.9917629957199097
c2fa2228,43.256,1,0.9960355361302694
f1ce59ae,38.1567,0,0.0009642993585051348
0e715566,37.2844,1,0.9503198067347208
bb2bef7f,34.8498,1,0.5300687452157339
bdcc1f0c,41.434,1,0.9997872511545817
601cdc58,43.3577,0,0.7165714303652445
b4fa16f6,31.0477,1,0.9980368415514628
38b16888,36.9034,1,0.9998421669006348
3741117d,36.9034,1,0.9995766282081604
ccb8f0f4,40.3904,1,0.9097749392191569
1f0f686e,45.2714,1,0.5505130390326182
1a00d685,43.916,0,1.3556426049869212e-06
7a3b59ac,39.234,1,0.9531651337941488
dfcc9530,38.0144,1,0.9938414692878723
f4674e66,34.4709,1,0.9994134902954102
4422c0d1,45.2859,1,0.9583329558372498
0cf852fc,42.4098,0,5.18552132196722e-07
08db8953,37.3143,0,0.10737527658541997
ec766eeb,43.9518,1,0.6688014268875122
66c602c1,33.6352,1,0.9989293813705444
7bdbbc72,42.5145,0,0.016851049304629367
a5b07c1a,38.4755,1,0.9944251179695129
3b87fc19,33.0644,0,0.03161277435719967
92d09310,38.039,1,0.8164370258649191
78e36c30,41.1334,1,0.9619230230649313
38b7eca7,33.635,1,0.9996720552444458
58ddb35b,34.0424,0,0.0006401807771302023
6e50e78e,40.3732,0,0.00021928718342678621
1e7ff021,41.8809,0,0.5908784568309784
08367f44,42.5577,1,0.8902096350987753
e3b0bb05,31.3954,0,0.02428113141407569
ca34f2eb,32.7848,1,0.9945058623949686
9627378d,35.6291,0,0.005587297646949689
798dbf45,41.8105,0,1.1134855718945384e-07
6a442c89,33.923,0,0.0102492223183314
747cc59f,41.21,0,0.028652803661922615
61b6c3d4,43.9548,0,0.0014518339182056177
c71bb2cd,33.1379,0,6.415378364484543e-05
390938d4,38.4741,1,0.6453009943167368
5bf1ac8e,40.7186,1,0.9971922636032104
4fc3bb48,39.9784,1,0.9892602960268656
8b074e88,36.5571,0,0.0003594632774669056
4cf25fd9,33.6352,1,0.9995468854904175
842784be,35.6978,1,0.21028285349408785
bcfaced9,38.1497,0,0.0008872314254707211
08aa087c,37.3661,0,0.00015097563937160885
d6477f80,39.6912,0,0.07981055028115709
49ce0750,45.8592,0,0.0014916860576098163
0b44f893,39.5309,0,0.5984619359175364
b4ff28a2,40.529,0,0.012361484734962383
4b8f2c22,43.7944,0,0.009707538721462091
30b0cd50,32.4245,0,0.013484720043682804
99fb2f48,36.4447,0,0.00225159067971011
f60f0244,35.3127,1,0.9831273158391317
4cf34809,43.2564,1,0.9866464535395304
7b062647,33.9843,1,0.740107258160909
fe798b96,33.6352,1,0.9995061755180359
ae52dce9,36.1079,1,0.9501737952232361
34c4cb79,35.675,0,1.0809655452230042e-07
f1587400,45.299,0,0.00021062895151165625
fe3ffc73,34.0428,0,0.000721796641300898
4fe594cf,33.0525,0,5.7596151539958855e-06
278ccc7f,43.2559,1,0.7107468644777933
4a4cb034,43.9392,0,0.43928204973538715
97a9e49b,40.7177,1,0.999137282371521
af44a0c6,44.5876,0,0.0006599916378036141
8e74bcdc,34.7404,0,1.61586153642664e-06
eea13fef,34.4718,1,0.9991247455279032
fe8a6bf9,38.1572,0,0.0014693404858311017
f0183cf1,32.2419,1,0.7391273081302643
b7329c47,43.9553,1,0.9739984075228373
985a26fb,38.7591,0,9.19458984875258e-09
3815445e,34.1367,0,6.438672229099514e-05
1df59f54,35.7448,0,0.008515835312816003
0f962f75,37.2802,1,0.773272971312205
d4b1ff12,41.8447,1,0.9136485656102499
bf597e48,43.7881,0,1.7218171279864691e-06
4afbbcfc,35.7354,0,0.0002775513106219781
08531b1d,32.178,0,0.0006468336626615686
97de1784,38.744,0,0.015637648136665423
85cdf483,43.9459,1,0.742975135644277
95294372,33.6352,1,0.994988759358724
36133430,40.4061,0,4.078348138136789e-05
1200ea6a,38.1618,0,0.0010476846897897
b05baa18,31.4138,0,0.00019606326653350456
fbb26786,37.2802,1,0.8424766659736633
591cfa77,31.3403,0,4.795987498103689e-06
cbf6bc3b,41.1555,0,0.12090948969125748
251cbbb3,41.8393,0,9.128696139744837e-07
23067646,35.2945,1,0.9984054764111837
fcae243a,44.4635,0,0.015301810398038166
da0d9e58,37.2928,0,1.4075874639492744e-05
e7f160bb,36.1091,1,0.9936468601226807
49f9ebbf,34.8808,0,0.26848187297582626
db9e31b4,44.6137,1,0.6641209522883097
1ad344b5,35.6285,0,0.0006043540251994273
750122bb,34.9452,0,6.522184185323947e-08
4a206e14,43.9194,0,3.0861652173067946e-06
92724245,32.785,1,0.9969927072525024
86de6cf4,41.8304,0,0.02973858903472622
8fc1d7a9,42.5644,1,0.9954044620196024
083a41f9,40.9858,0,0.12807126172507802
4071fcf3,43.9873,0,0.005368457447427015
c8de125d,35.713,0,8.6130789895833e-05
56426f39,33.634,1,0.9620301723480225
15dd8345,38.8999,0,0.464757372935613
f6c28085,35.7991,0,0.2543912430604299
7e17fe59,34.8604,0,2.4013046034572955e-05
98dc1deb,40.7129,1,0.9729020595550537
9bcafab4,45.2859,1,0.8655614654223124
68d82a0f,38.744,0,0.12228226102888584
f6f13182,33.6352,1,0.9122219085693359
8edfadcf,45.2903,1,0.6397916873296102
f18df56a,35.3125,1,0.9993725617726644
08955acb,35.5647,0,1.9072827247631114e-05
dba3e12a,39.6261,1,0.9953591624895731
2c5a3ed7,40.3944,1,0.995861291885376
cf52b4e8,31.5507,0,8.832915492954877e-06
f287c595,38.039,1,0.9840327501296997
452959fc,34.0021,1,0.8601535757382711
ffe0889d,43.2286,0,2.322301580666893e-07
89a339cf,43.1082,0,0.04564316322406133
8931fd80,38.02,1,0.9708645542462667
004300e6,42.5591,1,0.9205622474352518
8ef29200,33.9628,0,8.502217288726873e-07
7fbf2177,44.4598,0,0.141213184222579
c2da61a6,41.21,0,0.033938173204660416
4bed2ea0,41.1016,1,0.5877196192741394
f58d5318,33.6511,1,0.9992777109146118
790ede66,42.1428,1,0.9951162536938986
3b24972b,41.8582,0,7.76129395537358e-06
8c8bde54,34.4709,1,0.9988964001337687
05a82a73,31.3432,0,8.604151874654538e-05
348fb24c,41.7052,0,0.0034973006695508957
b7b3d08f,37.2666,0,0.00033830085158115253
b7589388,42.559,1,0.871155858039856
219feadf,34.0453,0,0.00026435771481677267
417854dc,43.3388,0,0.012772941030561924
b7cfcba1,43.9204,1,0.7147499620914459
a3399df1,35.6291,0,0.0035376395098865032
d34aa573,42.6644,1,0.3465867166717847
71df1b49,42.4156,0,0.008662350631008545
503d5f51,44.5834,0,2.983933204142817e-08
f5e6ceb4,38.9177,0,0.7614206969738007
3ce725ca,40.9784,0,0.06786709294343989
b49797c9,45.1485,0,1.7434491373554313e-06
2e4eb968,34.4709,1,0.999188244342804
75a2b5de,43.2612,1,0.9983959595362345
8d34e905,32.265,1,0.9064000447591146
404ef525,38.8594,1,0.9941757520039877
707604d3,43.9204,1,0.4918765127658844
face0c1d,37.6877,1,0.876741091410319
6e73071d,35.6233,0,0.03417845504979292
296aba5b,36.1061,1,0.9364032944043478
c317d061,44.615,1,0.9910657405853271
439bae96,37.6906,1,0.9999055663744608
4761ba29,34.8978,0,0.0007145924670718765
5fe2d101,43.1073,0,0.25670018792152405
6253153f,45.2653,0,0.010299897752702236
1ae12a6e,35.3112,1,0.9326984683672587
35ba270d,42.5128,0,0.0020315629080869257
90bd6952,38.4741,1,0.9981260697046915
e01123d4,37.6894,1,0.9959704478581747
0645d7de,43.4742,0,0.00042454147721097496
c2b88693,43.7871,0,0.026031296079357464
c9fd5e7b,39.6636,0,4.0412849600102163e-07
32bcfbb7,39.2166,1,0.9994418223698934
5994c53a,43.2107,0,0.0029771841363981366
c2667adf,42.6491,0,0.000133801161913046
7cf8bd73,41.1294,1,0.9297495484352112
92aa3e8a,38.8248,1,0.7161509195963541
4a77d02f,36.1061,1,0.9739917318026224
e982af8d,38.1597,0,0.00012801627827959314
b8eefec7,35.6623,1,0.8733552098274231
91981cff,37.6866,1,0.9756837487220764
8628e45f,43.1111,0,0.013302590853224197
fd7e2713,36.1061,1,0.9674347241719564
a02b0f96,43.2207,0,0.010845269775018096
886aa103,36.5596,0,2.0487871334277468e-05
9ec48e6b,42.5075,0,0.028772579816480476
97ddc1f8,33.6352,1,0.9974027077356974
05f4cebf,43.2159,0,0.001523745828308165
79a9f6da,38.0736,1,0.9767785469690958
7d142c31,40.3944,1,0.32978138824303943
83a70dd0,36.4929,1,0.5819165905316671
51f0ef77,45.9276,1,0.927355686823527
84ad5f1b,45.2901,1,0.9975098570187887
05cf0527,34.0331,0,3.6353738437355787e-06
75df937d,39.9795,1,0.9998486240704855
f0d2d68c,39.5948,0,1.5510553742122586e-06
8c733ab0,43.9011,0,0.00016396476341166513
bf679f08,31.3756,1,0.4042743891477585
b2043476,45.2851,1,0.9849778215090433
62db82b6,38.8537,1,0.9954285820325216
c61e1bce,36.9198,1,0.999719500541687
060a48a5,44.483,0,0.42589548230171204
f2a36870,32.3183,0,0.07857123777891199
215c1fb8,32.4245,0,7.982729562172608e-05
a15b312f,40.7129,1,0.9967588583628336
b3308b2d,40.9981,0,0.2212689220905304
ec5c461e,39.6544,0,0.9307399988174438
ae9517a5,45.2393,0,0.00014707196836146372
311438b5,34.4718,1,0.996255099773407
266d249e,43.2328,0,0.00016856650631780212
a0473c22,34.0458,0,0.0005651664590307822
5a869fac,36.9034,1,0.9979617396990458
aba8eb45,37.3718,0,0.0002955656803654468
8e0e0a34,38.9193,0,0.03105930332094431
17f1c891,35.3127,1,0.9988422791163126
73f7e827,43.256,1,0.9951177835464478
70117946,36.9063,1,0.9881708025932312
163541ea,41.8515,0,0.0002309050802674998
cf1ab8b7,36.5189,0,0.0008107618317202044
92949454,39.2337,1,0.999503473440806
ffe4cfab,37.704,1,0.8350586295127869
82c59cb1,35.7451,0,0.011301989511897167
b97b505e,33.6526,1,0.9950276811917623
05c4d0bf,31.2884,0,0.13537004217505455
63d1eca4,42.7705,0,0.0011225146008655429
3c674328,42.5644,1,0.9939303000768026
2516509b,38.1403,0,8.430737127677427e-07
dc34a966,38.8594,1,0.9570702513058981
08e45f85,38.0331,1,0.9421419501304626
d60c53f2,35.7468,0,0.0003741751958538468
30e3bc27,38.4752,1,0.9996174772580465
8b6f4d3c,39.6393,0,0.23616081297708055
97619e0f,40.2513,0,0.018552126207699377
7a2c68fd,45.3668,0,0.1302163490715126
d7f54a66,32.801,1,0.9989575147628784
7bb3a881,38.7238,0,0.12444732784448813
d3382456,36.6978,0,0.07138846224794786
2164c343,36.4718,0,0.2710796942313512
c772a4e1,36.1079,1,0.9672230283419291
e8d6fcbb,38.1229,0,0.26415742623309296
87bfe3ef,42.5591,1,0.9986953139305115
cd60952c,35.6526,0,3.2323224926263566e-07
4ca1a8d3,41.9264,0,2.602656915466165e-06
c2b2df38,36.6286,0,0.050420076275865235
b32332c7,34.4721,1,0.998398502667745
6d21ed76,38.4752,1,0.9982502460479736
6d819682,38.0449,1,0.9969149033228556
5839ea4d,43.2593,1,0.2787309189637502
b0c13aff,33.1315,1,0.9094951152801514
4068c6ad,43.946,1,0.9466352065404257
298f49d1,40.7118,1,0.9808673659960429
7c45fc15,45.2396,0,0.11835016806920369
4f3f4169,34.1367,0,6.60505552474433e-08
627e2a68,32.3663,0,0.0012404524532030337
d0b18fb5,36.6861,0,0.036837211499611534
0d276791,38.137,0,0.6211350858211517
936c7db6,38.9108,0,7.881114908829072e-08
45ea7f74,39.5095,0,0.21574428925911585
9fabab12,39.234,1,0.9966248273849487
f3dc5422,42.518,0,0.01061506064919134
3c258588,42.6404,0,0.002618405153043568
74ca6838,34.0453,0,2.0763110038994153e-05
cc28a327,37.3218,0,0.0038919417129363865
546c9a11,34.4709,1,0.9983664949735006
558288bf,45.1238,0,0.04827593080699444
598b87f2,39.591,1,0.984491765499115
457f6c59,39.2325,1,0.9923286239306132
591c1990,43.2263,0,0.008148761854196588
e4c12020,37.6866,1,0.9997828801472982
8cb77cca,45.2814,1,0.9797892371813456
af23f247,38.458,1,0.9985908071200053
07623257,37.1598,0,0.030618516417841118
137cdd43,43.1689,0,1.3700905014957243e-05
1aeb80cf,41.857,0,6.1502068264551735e-09
d4bb8bac,44.4612,0,1.0194847366307158e-07
28612c22,40.4052,1,0.8693980773289999
d5c8ab27,33.9315,0,0.022476906422525644
b8cf5edb,44.5984,1,0.6045795281728109
3f6778c5,33.6523,1,0.940975030263265
0ecf7d79,34.1216,0,0.00023565394803881645
4acfe35a,34.9664,0,9.146763128834816e-05
a5b4d551,31.2868,0,0.10168207126359145
cacbe718,37.1897,0,9.910965559356555e-08
de1244d8,45.2434,0,0.0005037311627044497
04f859f9,33.079,0,1.2073615683524015e-06
cedc73e3,43.2107,0,0.006630628214528163
6f17e58c,39.4991,0,0.005862980692957838
d45f1475,43.479,0,8.0558299941913e-06
c35ccd42,37.3154,0,0.08240248759587605
1799793b,39.9663,1,0.9873540202776591
bdf823e2,40.7118,1,0.9999232888221741
be0aa969,38.4755,1,0.293481486539046
65951e77,45.2859,1,0.8996793031692505
e8b76fb7,39.9796,1,0.9995169043540955
ac6ca227,45.2803,1,0.9549336234728495
a8104355,38.4591,1,0.9981262683868408
e76a4a04,42.5591,1,0.7843566735585531
502a8388,31.0446,1,0.9975034594535828
c0c841d0,42.4133,0,0.009288455359637737
ee49f0fb,44.6188,1,0.7103842397530874
dc6fa59d,34.9664,0,0.012884538620710373
3cef79cb,32.4245,0,8.297204162251622e-07
84673729,31.0609,1,0.9993963440259298
c5227b8a,39.6097,0,0.14042413979768753
574a1da7,39.234,1,0.7598315278689066
207b59dd,41.4339,1,0.9981288909912109
309b5423,40.9855,0,6.544590519297344e-06
7cf1ff70,42.5707,1,0.9795971910158793
a8c38f58,38.4755,1,0.7875073552131653
f659df68,45.2416,0,3.456739931332701e-08
076a815e,34.4718,1,0.9997022151947021
6a9478ad,35.2957,1,0.9998344580332438
f8661e3b,34.1367,0,8.715763154517238e-05
ea9da7da,39.6416,0,2.629244230926512e-06
ec4952c3,41.1402,1,0.939508318901062
1c607692,39.2166,1,0.9963505466779073
4cf47a74,40.3416,1,0.8428684671719869
e0cd0236,38.1366,0,0.36139123141765594
06b6ac23,35.2954,1,0.998765210310618
11d06927,34.4718,1,0.9997708002726237
996ea0b1,36.1049,1,0.9665501515070597
e0ccd7bb,44.5704,0,0.048102150981624923
b2bc5d27,45.2814,1,0.8608371416727701
71a0d13b,35.7829,0,0.016968024118493002
95ed1e8c,34.4721,1,0.9897631208101908
bffad1b6,37.9814,0,0.03417877294123173
ce151e35,35.2987,1,0.9994907776514689
